Date,Title,Author Name,ASIN,Marketplace,KENP Read
2025-07-15,"Ironvale: The Salt Crown",R. E. Halloran,B0C1IV201,Amazon.com,5336
2025-07-15,"Ironvale: The Salt Crown",R. E. Halloran,B0C1IV201,Amazon.co.uk,1110
2025-07-15,"Ironvale: The Salt Crown",R. E. Halloran,B0C1IV201,Amazon.com.au,635
2025-07-15,"Ironvale: The Salt Crown",R. E. Halloran,B0C1IV201,Amazon.ca,575
2025-07-15,"Ironvale: The Ember Court",R. E. Halloran,B0C1IV202,Amazon.com,4126
2025-07-15,"Ironvale: The Ember Court",R. E. Halloran,B0C1IV202,Amazon.co.uk,921
2025-07-15,"Ironvale: The Ember Court",R. E. Halloran,B0C1IV202,Amazon.com.au,628
2025-07-15,"Ironvale: The Ember Court",R. E. Halloran,B0C1IV202,Amazon.ca,459
2025-08-15,"Ironvale: The Salt Crown",R. E. Halloran,B0C1IV201,Amazon.com,5098
2025-08-15,"Ironvale: The Salt Crown",R. E. Halloran,B0C1IV201,Amazon.co.uk,909
2025-08-15,"Ironvale: The Salt Crown",R. E. Halloran,B0C1IV201,Amazon.com.au,636
2025-08-15,"Ironvale: The Salt Crown",R. E. Halloran,B0C1IV201,Amazon.ca,623
2025-08-15,"Ironvale: The Ember Court",R. E. Halloran,B0C1IV202,Amazon.com,3799
2025-08-15,"Ironvale: The Ember Court",R. E. Halloran,B0C1IV202,Amazon.co.uk,1005
2025-08-15,"Ironvale: The Ember Court",R. E. Halloran,B0C1IV202,Amazon.com.au,658
2025-08-15,"Ironvale: The Ember Court",R. E. Halloran,B0C1IV202,Amazon.ca,387
2025-09-15,"Ironvale: The Salt Crown",R. E. Halloran,B0C1IV201,Amazon.com,5892
2025-09-15,"Ironvale: The Salt Crown",R. E. Halloran,B0C1IV201,Amazon.co.uk,1037
2025-09-15,"Ironvale: The Salt Crown",R. E. Halloran,B0C1IV201,Amazon.com.au,834
2025-09-15,"Ironvale: The Salt Crown",R. E. Halloran,B0C1IV201,Amazon.ca,493
2025-09-15,"Ironvale: The Ember Court",R. E. Halloran,B0C1IV202,Amazon.com,5424
2025-09-15,"Ironvale: The Ember Court",R. E. Halloran,B0C1IV202,Amazon.co.uk,1136
2025-09-15,"Ironvale: The Ember Court",R. E. Halloran,B0C1IV202,Amazon.com.au,616
2025-09-15,"Ironvale: The Ember Court",R. E. Halloran,B0C1IV202,Amazon.ca,566
2025-10-15,"Ironvale: The Salt Crown",R. E. Halloran,B0C1IV201,Amazon.com,5966
2025-10-15,"Ironvale: The Salt Crown",R. E. Halloran,B0C1IV201,Amazon.co.uk,1251
2025-10-15,"Ironvale: The Salt Crown",R. E. Halloran,B0C1IV201,Amazon.com.au,586
2025-10-15,"Ironvale: The Salt Crown",R. E. Halloran,B0C1IV201,Amazon.ca,634
2025-10-15,"Ironvale: The Ember Court",R. E. Halloran,B0C1IV202,Amazon.com,4471
2025-10-15,"Ironvale: The Ember Court",R. E. Halloran,B0C1IV202,Amazon.co.uk,1081
2025-10-15,"Ironvale: The Ember Court",R. E. Halloran,B0C1IV202,Amazon.com.au,699
2025-10-15,"Ironvale: The Ember Court",R. E. Halloran,B0C1IV202,Amazon.ca,495
2025-11-15,"Ironvale: The Salt Crown",R. E. Halloran,B0C1IV201,Amazon.com,5772
2025-11-15,"Ironvale: The Salt Crown",R. E. Halloran,B0C1IV201,Amazon.co.uk,995
2025-11-15,"Ironvale: The Salt Crown",R. E. Halloran,B0C1IV201,Amazon.com.au,878
2025-11-15,"Ironvale: The Salt Crown",R. E. Halloran,B0C1IV201,Amazon.ca,791
2025-11-15,"Ironvale: The Ember Court",R. E. Halloran,B0C1IV202,Amazon.com,4532
2025-11-15,"Ironvale: The Ember Court",R. E. Halloran,B0C1IV202,Amazon.co.uk,972
2025-11-15,"Ironvale: The Ember Court",R. E. Halloran,B0C1IV202,Amazon.com.au,702
2025-11-15,"Ironvale: The Ember Court",R. E. Halloran,B0C1IV202,Amazon.ca,454
2025-12-15,"Ironvale: The Salt Crown",R. E. Halloran,B0C1IV201,Amazon.com,9517
2025-12-15,"Ironvale: The Salt Crown",R. E. Halloran,B0C1IV201,Amazon.co.uk,1516
2025-12-15,"Ironvale: The Salt Crown",R. E. Halloran,B0C1IV201,Amazon.com.au,932
2025-12-15,"Ironvale: The Salt Crown",R. E. Halloran,B0C1IV201,Amazon.ca,718
2025-12-15,"Ironvale: The Ember Court",R. E. Halloran,B0C1IV202,Amazon.com,8390
2025-12-15,"Ironvale: The Ember Court",R. E. Halloran,B0C1IV202,Amazon.co.uk,1206
2025-12-15,"Ironvale: The Ember Court",R. E. Halloran,B0C1IV202,Amazon.com.au,952
2025-12-15,"Ironvale: The Ember Court",R. E. Halloran,B0C1IV202,Amazon.ca,554
2026-01-15,"Ironvale: The Salt Crown",R. E. Halloran,B0C1IV201,Amazon.com,5120
2026-01-15,"Ironvale: The Salt Crown",R. E. Halloran,B0C1IV201,Amazon.co.uk,724
2026-01-15,"Ironvale: The Salt Crown",R. E. Halloran,B0C1IV201,Amazon.com.au,595
2026-01-15,"Ironvale: The Salt Crown",R. E. Halloran,B0C1IV201,Amazon.ca,488
2026-01-15,"Ironvale: The Ember Court",R. E. Halloran,B0C1IV202,Amazon.com,4680
2026-01-15,"Ironvale: The Ember Court",R. E. Halloran,B0C1IV202,Amazon.co.uk,611
2026-01-15,"Ironvale: The Ember Court",R. E. Halloran,B0C1IV202,Amazon.com.au,459
2026-01-15,"Ironvale: The Ember Court",R. E. Halloran,B0C1IV202,Amazon.ca,341
2026-02-15,"Ironvale: The Salt Crown",R. E. Halloran,B0C1IV201,Amazon.com,6264
2026-02-15,"Ironvale: The Salt Crown",R. E. Halloran,B0C1IV201,Amazon.co.uk,1219
2026-02-15,"Ironvale: The Salt Crown",R. E. Halloran,B0C1IV201,Amazon.com.au,520
2026-02-15,"Ironvale: The Salt Crown",R. E. Halloran,B0C1IV201,Amazon.ca,561
2026-02-15,"Ironvale: The Ember Court",R. E. Halloran,B0C1IV202,Amazon.com,5422
2026-02-15,"Ironvale: The Ember Court",R. E. Halloran,B0C1IV202,Amazon.co.uk,917
2026-02-15,"Ironvale: The Ember Court",R. E. Halloran,B0C1IV202,Amazon.com.au,566
2026-02-15,"Ironvale: The Ember Court",R. E. Halloran,B0C1IV202,Amazon.ca,531
2026-03-15,"Ironvale: The Salt Crown",R. E. Halloran,B0C1IV201,Amazon.com,7538
2026-03-15,"Ironvale: The Salt Crown",R. E. Halloran,B0C1IV201,Amazon.co.uk,1253
2026-03-15,"Ironvale: The Salt Crown",R. E. Halloran,B0C1IV201,Amazon.com.au,627
2026-03-15,"Ironvale: The Salt Crown",R. E. Halloran,B0C1IV201,Amazon.ca,729
2026-03-15,"Ironvale: The Ember Court",R. E. Halloran,B0C1IV202,Amazon.com,5832
2026-03-15,"Ironvale: The Ember Court",R. E. Halloran,B0C1IV202,Amazon.co.uk,908
2026-03-15,"Ironvale: The Ember Court",R. E. Halloran,B0C1IV202,Amazon.com.au,472
2026-03-15,"Ironvale: The Ember Court",R. E. Halloran,B0C1IV202,Amazon.ca,539
2026-03-15,"Ironvale: The Hollow King",R. E. Halloran,B0C1IV203,Amazon.com,25066
2026-03-15,"Ironvale: The Hollow King",R. E. Halloran,B0C1IV203,Amazon.co.uk,4233
2026-03-15,"Ironvale: The Hollow King",R. E. Halloran,B0C1IV203,Amazon.com.au,3300
2026-03-15,"Ironvale: The Hollow King",R. E. Halloran,B0C1IV203,Amazon.ca,2434
2026-04-15,"Ironvale: The Salt Crown",R. E. Halloran,B0C1IV201,Amazon.com,6749
2026-04-15,"Ironvale: The Salt Crown",R. E. Halloran,B0C1IV201,Amazon.co.uk,954
2026-04-15,"Ironvale: The Salt Crown",R. E. Halloran,B0C1IV201,Amazon.com.au,824
2026-04-15,"Ironvale: The Salt Crown",R. E. Halloran,B0C1IV201,Amazon.ca,664
2026-04-15,"Ironvale: The Ember Court",R. E. Halloran,B0C1IV202,Amazon.com,6126
2026-04-15,"Ironvale: The Ember Court",R. E. Halloran,B0C1IV202,Amazon.co.uk,1000
2026-04-15,"Ironvale: The Ember Court",R. E. Halloran,B0C1IV202,Amazon.com.au,599
2026-04-15,"Ironvale: The Ember Court",R. E. Halloran,B0C1IV202,Amazon.ca,568
2026-04-15,"Ironvale: The Hollow King",R. E. Halloran,B0C1IV203,Amazon.com,18281
2026-04-15,"Ironvale: The Hollow King",R. E. Halloran,B0C1IV203,Amazon.co.uk,3168
2026-04-15,"Ironvale: The Hollow King",R. E. Halloran,B0C1IV203,Amazon.com.au,1306
2026-04-15,"Ironvale: The Hollow King",R. E. Halloran,B0C1IV203,Amazon.ca,1812
2026-05-15,"Ironvale: The Salt Crown",R. E. Halloran,B0C1IV201,Amazon.com,5498
2026-05-15,"Ironvale: The Salt Crown",R. E. Halloran,B0C1IV201,Amazon.co.uk,946
2026-05-15,"Ironvale: The Salt Crown",R. E. Halloran,B0C1IV201,Amazon.com.au,826
2026-05-15,"Ironvale: The Salt Crown",R. E. Halloran,B0C1IV201,Amazon.ca,624
2026-05-15,"Ironvale: The Ember Court",R. E. Halloran,B0C1IV202,Amazon.com,5287
2026-05-15,"Ironvale: The Ember Court",R. E. Halloran,B0C1IV202,Amazon.co.uk,990
2026-05-15,"Ironvale: The Ember Court",R. E. Halloran,B0C1IV202,Amazon.com.au,693
2026-05-15,"Ironvale: The Ember Court",R. E. Halloran,B0C1IV202,Amazon.ca,478
2026-05-15,"Ironvale: The Hollow King",R. E. Halloran,B0C1IV203,Amazon.com,11794
2026-05-15,"Ironvale: The Hollow King",R. E. Halloran,B0C1IV203,Amazon.co.uk,1792
2026-05-15,"Ironvale: The Hollow King",R. E. Halloran,B0C1IV203,Amazon.com.au,1325
2026-05-15,"Ironvale: The Hollow King",R. E. Halloran,B0C1IV203,Amazon.ca,989
2026-06-15,"Ironvale: The Salt Crown",R. E. Halloran,B0C1IV201,Amazon.com,7123
2026-06-15,"Ironvale: The Salt Crown",R. E. Halloran,B0C1IV201,Amazon.co.uk,898
2026-06-15,"Ironvale: The Salt Crown",R. E. Halloran,B0C1IV201,Amazon.com.au,545
2026-06-15,"Ironvale: The Salt Crown",R. E. Halloran,B0C1IV201,Amazon.ca,657
2026-06-15,"Ironvale: The Ember Court",R. E. Halloran,B0C1IV202,Amazon.com,5729
2026-06-15,"Ironvale: The Ember Court",R. E. Halloran,B0C1IV202,Amazon.co.uk,932
2026-06-15,"Ironvale: The Ember Court",R. E. Halloran,B0C1IV202,Amazon.com.au,671
2026-06-15,"Ironvale: The Ember Court",R. E. Halloran,B0C1IV202,Amazon.ca,450
2026-06-15,"Ironvale: The Hollow King",R. E. Halloran,B0C1IV203,Amazon.com,9143
2026-06-15,"Ironvale: The Hollow King",R. E. Halloran,B0C1IV203,Amazon.co.uk,1701
2026-06-15,"Ironvale: The Hollow King",R. E. Halloran,B0C1IV203,Amazon.com.au,996
2026-06-15,"Ironvale: The Hollow King",R. E. Halloran,B0C1IV203,Amazon.ca,759
